SCORE	PATH	ISSUES
0.0	"D:\\ptbr-llm-data\\corpus\\carolina_social_media_SOCa.txt"	["Encoding quebrado"]
0.0	"D:\\ptbr-llm-data\\corpus\\culturax_0000.txt"	["Encoding quebrado"]
0.0	"D:\\ptbr-llm-data\\corpus\\culturax_0001.txt"	["Encoding quebrado"]
0.0	"D:\\ptbr-llm-data\\corpus\\culturax_0002.txt"	["Encoding quebrado"]
0.0	"D:\\ptbr-llm-data\\corpus\\culturax_0003.txt"	["Encoding quebrado"]
0.0	"D:\\ptbr-llm-data\\corpus\\culturax_0004.txt"	["Encoding quebrado"]
0.0	"D:\\ptbr-llm-data\\corpus\\culturax_0005.txt"	["Encoding quebrado"]
0.0	"D:\\ptbr-llm-data\\corpus\\culturax_0006.txt"	["Encoding quebrado"]
0.0	"D:\\ptbr-llm-data\\corpus\\culturax_0007.txt"	["Encoding quebrado"]
0.0	"D:\\ptbr-llm-data\\corpus\\culturax_0008.txt"	["Encoding quebrado"]
0.0	"D:\\ptbr-llm-data\\corpus\\culturax_0009.txt"	["Encoding quebrado"]
0.0	"D:\\ptbr-llm-data\\corpus\\culturax_0010.txt"	["Encoding quebrado"]
0.0	"D:\\ptbr-llm-data\\corpus\\culturax_0011.txt"	["Encoding quebrado"]
0.0	"D:\\ptbr-llm-data\\corpus\\culturax_0012.txt"	["Encoding quebrado"]
0.0	"D:\\ptbr-llm-data\\corpus\\culturax_0013.txt"	["Encoding quebrado"]
0.0	"D:\\ptbr-llm-data\\corpus\\culturax_0014.txt"	["Encoding quebrado"]
0.0	"D:\\ptbr-llm-data\\corpus\\culturax_0015.txt"	["Encoding quebrado"]
0.0	"D:\\ptbr-llm-data\\corpus\\culturax_0016.txt"	["Encoding quebrado"]
0.0	"D:\\ptbr-llm-data\\corpus\\culturax_0017.txt"	["Encoding quebrado"]
0.0	"D:\\ptbr-llm-data\\corpus\\culturax_0018.txt"	["Encoding quebrado"]
0.0	"D:\\ptbr-llm-data\\corpus\\culturax_0019.txt"	["Encoding quebrado"]
0.0	"D:\\ptbr-llm-data\\corpus\\culturax_0020.txt"	["Encoding quebrado"]
0.0	"D:\\ptbr-llm-data\\corpus\\culturax_0021.txt"	["Encoding quebrado"]
0.0	"D:\\ptbr-llm-data\\corpus\\culturax_0022.txt"	["Encoding quebrado"]
0.0	"D:\\ptbr-llm-data\\corpus\\culturax_0023.txt"	["Encoding quebrado"]
0.0	"D:\\ptbr-llm-data\\corpus\\culturax_0024.txt"	["Encoding quebrado"]
0.0	"D:\\ptbr-llm-data\\corpus\\culturax_0025.txt"	["Encoding quebrado"]
0.0	"D:\\ptbr-llm-data\\corpus\\culturax_0026.txt"	["Encoding quebrado"]
0.0	"D:\\ptbr-llm-data\\corpus\\culturax_0027.txt"	["Encoding quebrado"]
0.0	"D:\\ptbr-llm-data\\corpus\\culturax_0028.txt"	["Encoding quebrado"]
0.0	"D:\\ptbr-llm-data\\corpus\\culturax_0029.txt"	["Encoding quebrado"]
0.0	"D:\\ptbr-llm-data\\corpus\\culturax_0030.txt"	["Encoding quebrado"]
0.0	"D:\\ptbr-llm-data\\corpus\\culturax_0031.txt"	["Encoding quebrado"]
0.0	"D:\\ptbr-llm-data\\corpus\\culturax_0032.txt"	["Encoding quebrado"]
0.0	"D:\\ptbr-llm-data\\corpus\\culturax_0033.txt"	["Encoding quebrado"]
0.0	"D:\\ptbr-llm-data\\corpus\\culturax_0034.txt"	["Encoding quebrado"]
0.0	"D:\\ptbr-llm-data\\corpus\\culturax_0035.txt"	["Encoding quebrado"]
0.0	"D:\\ptbr-llm-data\\corpus\\culturax_0036.txt"	["Encoding quebrado"]
0.0	"D:\\ptbr-llm-data\\corpus\\culturax_0037.txt"	["Encoding quebrado"]
0.0	"D:\\ptbr-llm-data\\corpus\\culturax_0038.txt"	["Encoding quebrado"]
0.0	"D:\\ptbr-llm-data\\corpus\\culturax_0039.txt"	["Encoding quebrado"]
0.0	"D:\\ptbr-llm-data\\corpus\\culturax_0040.txt"	["Encoding quebrado"]
0.0	"D:\\ptbr-llm-data\\corpus\\culturax_0041.txt"	["Encoding quebrado"]
0.0	"D:\\ptbr-llm-data\\corpus\\culturax_0042.txt"	["Encoding quebrado"]
0.0	"D:\\ptbr-llm-data\\corpus\\culturax_0043.txt"	["Encoding quebrado"]
0.0	"D:\\ptbr-llm-data\\corpus\\culturax_0044.txt"	["Encoding quebrado"]
0.0	"D:\\ptbr-llm-data\\corpus\\culturax_0045.txt"	["Encoding quebrado"]
0.0	"D:\\ptbr-llm-data\\corpus\\culturax_0046.txt"	["Encoding quebrado"]
0.0	"D:\\ptbr-llm-data\\corpus\\culturax_0047.txt"	["Encoding quebrado"]
0.0	"D:\\ptbr-llm-data\\corpus\\culturax_0048.txt"	["Encoding quebrado"]
0.0	"D:\\ptbr-llm-data\\corpus\\culturax_0049.txt"	["Encoding quebrado"]
0.0	"D:\\ptbr-llm-data\\corpus\\culturax_0050.txt"	["Encoding quebrado"]
0.0	"D:\\ptbr-llm-data\\corpus\\culturax_0051.txt"	["Encoding quebrado"]
0.0	"D:\\ptbr-llm-data\\corpus\\culturax_0052.txt"	["Encoding quebrado"]
0.0	"D:\\ptbr-llm-data\\corpus\\culturax_0053.txt"	["Encoding quebrado"]
0.0	"D:\\ptbr-llm-data\\corpus\\culturax_0054.txt"	["Encoding quebrado"]
0.0	"D:\\ptbr-llm-data\\corpus\\culturax_0055.txt"	["Encoding quebrado"]
0.0	"D:\\ptbr-llm-data\\corpus\\culturax_0056.txt"	["Encoding quebrado"]
0.0	"D:\\ptbr-llm-data\\corpus\\culturax_0057.txt"	["Encoding quebrado"]
0.0	"D:\\ptbr-llm-data\\corpus\\culturax_0058.txt"	["Encoding quebrado"]
0.0	"D:\\ptbr-llm-data\\corpus\\culturax_0059.txt"	["Encoding quebrado"]
0.0	"D:\\ptbr-llm-data\\corpus\\culturax_0060.txt"	["Encoding quebrado"]
0.0	"D:\\ptbr-llm-data\\corpus\\culturax_0061.txt"	["Encoding quebrado"]
0.0	"D:\\ptbr-llm-data\\corpus\\culturax_0062.txt"	["Encoding quebrado"]
0.0	"D:\\ptbr-llm-data\\corpus\\culturax_0063.txt"	["Encoding quebrado"]
0.0	"D:\\ptbr-llm-data\\corpus\\culturax_0064.txt"	["Encoding quebrado"]
0.0	"D:\\ptbr-llm-data\\corpus\\culturax_0065.txt"	["Encoding quebrado"]
0.0	"D:\\ptbr-llm-data\\corpus\\culturax_0066.txt"	["Encoding quebrado"]
0.0	"D:\\ptbr-llm-data\\corpus\\culturax_0067.txt"	["Encoding quebrado"]
0.0	"D:\\ptbr-llm-data\\corpus\\culturax_0068.txt"	["Encoding quebrado"]
0.0	"D:\\ptbr-llm-data\\corpus\\culturax_0069.txt"	["Encoding quebrado"]
0.0	"D:\\ptbr-llm-data\\corpus\\culturax_0070.txt"	["Encoding quebrado"]
0.0	"D:\\ptbr-llm-data\\corpus\\culturax_0071.txt"	["Encoding quebrado"]
0.0	"D:\\ptbr-llm-data\\corpus\\culturax_0072.txt"	["Encoding quebrado"]
0.0	"D:\\ptbr-llm-data\\corpus\\culturax_0073.txt"	["Encoding quebrado"]
0.0	"D:\\ptbr-llm-data\\corpus\\culturax_0074.txt"	["Encoding quebrado"]
0.0	"D:\\ptbr-llm-data\\corpus\\culturax_0075.txt"	["Encoding quebrado"]
0.0	"D:\\ptbr-llm-data\\corpus\\culturax_0076.txt"	["Encoding quebrado"]
0.0	"D:\\ptbr-llm-data\\corpus\\culturax_0077.txt"	["Encoding quebrado"]
0.0	"D:\\ptbr-llm-data\\corpus\\culturax_0078.txt"	["Encoding quebrado"]
0.0	"D:\\ptbr-llm-data\\corpus\\culturax_0079.txt"	["Encoding quebrado"]
0.0	"D:\\ptbr-llm-data\\corpus\\culturax_0080.txt"	["Encoding quebrado"]
0.0	"D:\\ptbr-llm-data\\corpus\\culturax_0081.txt"	["Encoding quebrado"]
0.0	"D:\\ptbr-llm-data\\corpus\\culturax_0082.txt"	["Encoding quebrado"]
0.0	"D:\\ptbr-llm-data\\corpus\\culturax_0083.txt"	["Encoding quebrado"]
0.0	"D:\\ptbr-llm-data\\corpus\\culturax_0084.txt"	["Encoding quebrado"]
0.0	"D:\\ptbr-llm-data\\corpus\\culturax_0085.txt"	["Encoding quebrado"]
0.0	"D:\\ptbr-llm-data\\corpus\\culturax_0086.txt"	["Encoding quebrado"]
0.0	"D:\\ptbr-llm-data\\corpus\\culturax_0087.txt"	["Encoding quebrado"]
0.0	"D:\\ptbr-llm-data\\corpus\\culturax_0088.txt"	["Encoding quebrado"]
0.0	"D:\\ptbr-llm-data\\corpus\\culturax_0089.txt"	["Encoding quebrado"]
0.0	"D:\\ptbr-llm-data\\corpus\\culturax_0090.txt"	["Encoding quebrado"]
0.0	"D:\\ptbr-llm-data\\corpus\\culturax_0091.txt"	["Encoding quebrado"]
0.0	"D:\\ptbr-llm-data\\corpus\\culturax_0092.txt"	["Encoding quebrado"]
0.0	"D:\\ptbr-llm-data\\corpus\\culturax_0093.txt"	["Encoding quebrado"]
0.0	"D:\\ptbr-llm-data\\corpus\\culturax_0094.txt"	["Encoding quebrado"]
0.0	"D:\\ptbr-llm-data\\corpus\\culturax_0095.txt"	["Encoding quebrado"]
0.0	"D:\\ptbr-llm-data\\corpus\\culturax_0096.txt"	["Encoding quebrado"]
0.0	"D:\\ptbr-llm-data\\corpus\\culturax_0097.txt"	["Encoding quebrado"]
0.0	"D:\\ptbr-llm-data\\corpus\\culturax_0098.txt"	["Encoding quebrado"]
0.0	"D:\\ptbr-llm-data\\corpus\\culturax_0099.txt"	["Encoding quebrado"]
0.0	"D:\\ptbr-llm-data\\corpus\\culturax_0100.txt"	["Encoding quebrado"]
0.0	"D:\\ptbr-llm-data\\corpus\\culturax_0101.txt"	["Encoding quebrado"]
0.0	"D:\\ptbr-llm-data\\corpus\\culturax_0102.txt"	["Encoding quebrado"]
0.0	"D:\\ptbr-llm-data\\corpus\\culturax_0103.txt"	["Encoding quebrado"]
0.0	"D:\\ptbr-llm-data\\corpus\\culturax_0104.txt"	["Encoding quebrado"]
0.0	"D:\\ptbr-llm-data\\corpus\\culturax_0105.txt"	["Encoding quebrado"]
0.0	"D:\\ptbr-llm-data\\corpus\\culturax_0106.txt"	["Encoding quebrado"]
0.0	"D:\\ptbr-llm-data\\corpus\\culturax_0107.txt"	["Encoding quebrado"]
0.0	"D:\\ptbr-llm-data\\corpus\\culturax_0108.txt"	["Encoding quebrado"]
0.0	"D:\\ptbr-llm-data\\corpus\\culturax_0109.txt"	["Encoding quebrado"]
0.0	"D:\\ptbr-llm-data\\corpus\\culturax_0110.txt"	["Encoding quebrado"]
0.0	"D:\\ptbr-llm-data\\corpus\\culturax_0111.txt"	["Encoding quebrado"]
0.0	"D:\\ptbr-llm-data\\corpus\\culturax_0112.txt"	["Encoding quebrado"]
0.0	"D:\\ptbr-llm-data\\corpus\\culturax_0113.txt"	["Encoding quebrado"]
0.0	"D:\\ptbr-llm-data\\corpus\\culturax_0114.txt"	["Encoding quebrado"]
0.0	"D:\\ptbr-llm-data\\corpus\\culturax_0115.txt"	["Encoding quebrado"]
0.0	"D:\\ptbr-llm-data\\corpus\\culturax_0116.txt"	["Encoding quebrado"]
0.0	"D:\\ptbr-llm-data\\corpus\\culturax_0117.txt"	["Encoding quebrado"]
0.0	"D:\\ptbr-llm-data\\corpus\\culturax_0118.txt"	["Encoding quebrado"]
0.0	"D:\\ptbr-llm-data\\corpus\\culturax_0119.txt"	["Encoding quebrado"]
0.0	"D:\\ptbr-llm-data\\corpus\\culturax_0120.txt"	["Encoding quebrado"]
0.0	"D:\\ptbr-llm-data\\corpus\\culturax_0121.txt"	["Encoding quebrado"]
0.0	"D:\\ptbr-llm-data\\corpus\\culturax_0122.txt"	["Encoding quebrado"]
0.0	"D:\\ptbr-llm-data\\corpus\\culturax_0123.txt"	["Encoding quebrado"]
0.0	"D:\\ptbr-llm-data\\corpus\\culturax_0124.txt"	["Encoding quebrado"]
0.0	"D:\\ptbr-llm-data\\corpus\\culturax_0125.txt"	["Encoding quebrado"]
0.0	"D:\\ptbr-llm-data\\corpus\\culturax_0126.txt"	["Encoding quebrado"]
0.0	"D:\\ptbr-llm-data\\corpus\\culturax_0127.txt"	["Encoding quebrado"]
0.0	"D:\\ptbr-llm-data\\corpus\\culturax_0128.txt"	["Encoding quebrado"]
0.0	"D:\\ptbr-llm-data\\corpus\\culturax_0129.txt"	["Encoding quebrado"]
0.0	"D:\\ptbr-llm-data\\corpus\\culturax_0130.txt"	["Encoding quebrado"]
0.0	"D:\\ptbr-llm-data\\corpus\\culturax_0131.txt"	["Encoding quebrado"]
0.0	"D:\\ptbr-llm-data\\corpus\\culturax_0132.txt"	["Encoding quebrado"]
0.0	"D:\\ptbr-llm-data\\corpus\\culturax_0133.txt"	["Encoding quebrado"]
0.0	"D:\\ptbr-llm-data\\corpus\\culturax_0134.txt"	["Encoding quebrado"]
0.0	"D:\\ptbr-llm-data\\corpus\\culturax_0135.txt"	["Encoding quebrado"]
0.0	"D:\\ptbr-llm-data\\corpus\\culturax_0136.txt"	["Encoding quebrado"]
0.0	"D:\\ptbr-llm-data\\corpus\\culturax_0137.txt"	["Encoding quebrado"]
0.0	"D:\\ptbr-llm-data\\corpus\\culturax_0138.txt"	["Encoding quebrado"]
0.0	"D:\\ptbr-llm-data\\corpus\\culturax_0139.txt"	["Encoding quebrado"]
0.0	"D:\\ptbr-llm-data\\corpus\\culturax_0140.txt"	["Encoding quebrado"]
0.0	"D:\\ptbr-llm-data\\corpus\\culturax_0141.txt"	["Encoding quebrado"]
0.0	"D:\\ptbr-llm-data\\corpus\\culturax_0142.txt"	["Encoding quebrado"]
0.0	"D:\\ptbr-llm-data\\corpus\\culturax_0143.txt"	["Encoding quebrado"]
0.0	"D:\\ptbr-llm-data\\corpus\\culturax_0144.txt"	["Encoding quebrado"]
0.0	"D:\\ptbr-llm-data\\corpus\\culturax_0145.txt"	["Encoding quebrado"]
0.0	"D:\\ptbr-llm-data\\corpus\\culturax_0146.txt"	["Encoding quebrado"]
0.0	"D:\\ptbr-llm-data\\corpus\\culturax_0147.txt"	["Encoding quebrado"]
0.0	"D:\\ptbr-llm-data\\corpus\\culturax_0148.txt"	["Encoding quebrado"]
0.0	"D:\\ptbr-llm-data\\corpus\\culturax_0149.txt"	["Encoding quebrado"]
0.0	"D:\\ptbr-llm-data\\corpus\\culturax_0150.txt"	["Encoding quebrado"]
0.0	"D:\\ptbr-llm-data\\corpus\\culturax_0151.txt"	["Encoding quebrado"]
0.0	"D:\\ptbr-llm-data\\corpus\\culturax_0152.txt"	["Encoding quebrado"]
0.0	"D:\\ptbr-llm-data\\corpus\\culturax_0153.txt"	["Encoding quebrado"]
0.0	"D:\\ptbr-llm-data\\corpus\\culturax_0154.txt"	["Encoding quebrado"]
0.0	"D:\\ptbr-llm-data\\corpus\\culturax_0155.txt"	["Encoding quebrado"]
0.0	"D:\\ptbr-llm-data\\corpus\\culturax_0156.txt"	["Encoding quebrado"]
0.0	"D:\\ptbr-llm-data\\corpus\\culturax_0157.txt"	["Encoding quebrado"]
0.0	"D:\\ptbr-llm-data\\corpus\\culturax_0158.txt"	["Encoding quebrado"]
0.0	"D:\\ptbr-llm-data\\corpus\\culturax_0159.txt"	["Encoding quebrado"]
0.0	"D:\\ptbr-llm-data\\corpus\\mc4_0000.txt"	["Encoding quebrado"]
0.0	"D:\\ptbr-llm-data\\corpus\\mc4_0001.txt"	["Encoding quebrado"]
0.0	"D:\\ptbr-llm-data\\corpus\\mc4_0002.txt"	["Encoding quebrado"]
0.0	"D:\\ptbr-llm-data\\corpus\\mc4_0003.txt"	["Encoding quebrado"]
0.0	"D:\\ptbr-llm-data\\corpus\\mc4_0004.txt"	["Encoding quebrado"]
0.0	"D:\\ptbr-llm-data\\corpus\\mc4_0005.txt"	["Encoding quebrado"]
0.0	"D:\\ptbr-llm-data\\corpus\\mc4_0006.txt"	["Encoding quebrado"]
0.0	"D:\\ptbr-llm-data\\corpus\\mc4_0007.txt"	["Encoding quebrado"]
0.0	"D:\\ptbr-llm-data\\corpus\\mc4_0008.txt"	["Encoding quebrado"]
0.0	"D:\\ptbr-llm-data\\corpus\\mc4_0009.txt"	["Encoding quebrado"]
0.0	"D:\\ptbr-llm-data\\corpus\\mc4_0010.txt"	["Encoding quebrado"]
0.0	"D:\\ptbr-llm-data\\corpus\\mc4_0011.txt"	["Encoding quebrado"]
0.0	"D:\\ptbr-llm-data\\corpus\\mc4_0012.txt"	["Encoding quebrado"]
0.0	"D:\\ptbr-llm-data\\corpus\\mc4_0013.txt"	["Encoding quebrado"]
0.0	"D:\\ptbr-llm-data\\corpus\\mc4_0014.txt"	["Encoding quebrado"]
0.0	"D:\\ptbr-llm-data\\corpus\\mc4_0015.txt"	["Encoding quebrado"]
0.0	"D:\\ptbr-llm-data\\corpus\\mc4_0016.txt"	["Encoding quebrado"]
0.0	"D:\\ptbr-llm-data\\corpus\\mc4_0017.txt"	["Encoding quebrado"]
0.0	"D:\\ptbr-llm-data\\corpus\\mc4_0018.txt"	["Encoding quebrado"]
0.0	"D:\\ptbr-llm-data\\corpus\\mc4_0019.txt"	["Encoding quebrado"]
0.0	"D:\\ptbr-llm-data\\corpus\\mc4_0020.txt"	["Encoding quebrado"]
0.0	"D:\\ptbr-llm-data\\corpus\\mc4_0021.txt"	["Encoding quebrado"]
0.0	"D:\\ptbr-llm-data\\corpus\\mc4_0022.txt"	["Encoding quebrado"]
0.0	"D:\\ptbr-llm-data\\corpus\\mc4_0023.txt"	["Encoding quebrado"]
0.0	"D:\\ptbr-llm-data\\corpus\\mc4_0024.txt"	["Encoding quebrado"]
0.0	"D:\\ptbr-llm-data\\corpus\\mc4_0025.txt"	["Encoding quebrado"]
0.0	"D:\\ptbr-llm-data\\corpus\\mc4_0026.txt"	["Encoding quebrado"]
0.0	"D:\\ptbr-llm-data\\corpus\\mc4_0027.txt"	["Encoding quebrado"]
0.0	"D:\\ptbr-llm-data\\corpus\\mc4_0028.txt"	["Encoding quebrado"]
0.0	"D:\\ptbr-llm-data\\corpus\\mc4_0029.txt"	["Encoding quebrado"]
0.0	"D:\\ptbr-llm-data\\corpus\\mc4_0030.txt"	["Encoding quebrado"]
0.0	"D:\\ptbr-llm-data\\corpus\\mc4_0031.txt"	["Encoding quebrado"]
0.0	"D:\\ptbr-llm-data\\corpus\\mc4_0032.txt"	["Encoding quebrado"]
0.0	"D:\\ptbr-llm-data\\corpus\\mc4_0033.txt"	["Encoding quebrado"]
0.0	"D:\\ptbr-llm-data\\corpus\\mc4_0034.txt"	["Encoding quebrado"]
0.0	"D:\\ptbr-llm-data\\corpus\\mc4_0035.txt"	["Encoding quebrado"]
0.0	"D:\\ptbr-llm-data\\corpus\\mc4_0036.txt"	["Encoding quebrado"]
0.0	"D:\\ptbr-llm-data\\corpus\\mc4_0037.txt"	["Encoding quebrado"]
0.0	"D:\\ptbr-llm-data\\corpus\\mc4_0038.txt"	["Encoding quebrado"]
0.0	"D:\\ptbr-llm-data\\corpus\\mc4_0039.txt"	["Encoding quebrado"]
0.0	"D:\\ptbr-llm-data\\corpus\\mc4_0040.txt"	["Encoding quebrado"]
0.0	"D:\\ptbr-llm-data\\corpus\\mc4_0041.txt"	["Encoding quebrado"]
0.0	"D:\\ptbr-llm-data\\corpus\\mc4_0042.txt"	["Encoding quebrado"]
0.0	"D:\\ptbr-llm-data\\corpus\\mc4_0043.txt"	["Encoding quebrado"]
0.0	"D:\\ptbr-llm-data\\corpus\\mc4_0044.txt"	["Encoding quebrado"]
0.0	"D:\\ptbr-llm-data\\corpus\\mc4_0045.txt"	["Encoding quebrado"]
0.0	"D:\\ptbr-llm-data\\corpus\\mc4_0046.txt"	["Encoding quebrado"]
0.0	"D:\\ptbr-llm-data\\corpus\\mc4_0047.txt"	["Encoding quebrado"]
0.0	"D:\\ptbr-llm-data\\corpus\\mc4_0048.txt"	["Encoding quebrado"]
0.0	"D:\\ptbr-llm-data\\corpus\\mc4_0049.txt"	["Encoding quebrado"]
0.0	"D:\\ptbr-llm-data\\corpus\\mc4_0050.txt"	["Encoding quebrado"]
0.0	"D:\\ptbr-llm-data\\corpus\\mc4_0051.txt"	["Encoding quebrado"]
0.0	"D:\\ptbr-llm-data\\corpus\\mc4_0052.txt"	["Encoding quebrado"]
0.0	"D:\\ptbr-llm-data\\corpus\\mc4_0053.txt"	["Encoding quebrado"]
0.0	"D:\\ptbr-llm-data\\corpus\\mc4_0054.txt"	["Encoding quebrado"]
0.0	"D:\\ptbr-llm-data\\corpus\\mc4_0055.txt"	["Encoding quebrado"]
0.0	"D:\\ptbr-llm-data\\corpus\\mc4_0056.txt"	["Encoding quebrado"]
0.0	"D:\\ptbr-llm-data\\corpus\\mc4_0057.txt"	["Encoding quebrado"]
0.0	"D:\\ptbr-llm-data\\corpus\\mc4_0058.txt"	["Encoding quebrado"]
0.0	"D:\\ptbr-llm-data\\corpus\\mc4_0059.txt"	["Encoding quebrado"]
0.0	"D:\\ptbr-llm-data\\corpus\\mc4_0060.txt"	["Encoding quebrado"]
0.0	"D:\\ptbr-llm-data\\corpus\\mc4_0061.txt"	["Encoding quebrado"]
0.0	"D:\\ptbr-llm-data\\corpus\\mc4_0062.txt"	["Encoding quebrado"]
0.0	"D:\\ptbr-llm-data\\corpus\\mc4_0063.txt"	["Encoding quebrado"]
0.0	"D:\\ptbr-llm-data\\corpus\\mc4_0064.txt"	["Encoding quebrado"]
0.0	"D:\\ptbr-llm-data\\corpus\\mc4_0065.txt"	["Encoding quebrado"]
0.0	"D:\\ptbr-llm-data\\corpus\\mc4_0066.txt"	["Encoding quebrado"]
0.0	"D:\\ptbr-llm-data\\corpus\\mc4_0067.txt"	["Encoding quebrado"]
0.0	"D:\\ptbr-llm-data\\corpus\\mc4_0068.txt"	["Encoding quebrado"]
0.0	"D:\\ptbr-llm-data\\corpus\\mc4_0069.txt"	["Encoding quebrado"]
0.0	"D:\\ptbr-llm-data\\corpus\\mc4_0070.txt"	["Encoding quebrado"]
0.0	"D:\\ptbr-llm-data\\corpus\\mc4_0071.txt"	["Encoding quebrado"]
0.0	"D:\\ptbr-llm-data\\corpus\\mc4_0072.txt"	["Encoding quebrado"]
0.0	"D:\\ptbr-llm-data\\corpus\\mc4_0073.txt"	["Encoding quebrado"]
0.0	"D:\\ptbr-llm-data\\corpus\\mc4_0074.txt"	["Encoding quebrado"]
0.0	"D:\\ptbr-llm-data\\corpus\\mc4_0075.txt"	["Encoding quebrado"]
0.0	"D:\\ptbr-llm-data\\corpus\\mc4_0076.txt"	["Encoding quebrado"]
0.0	"D:\\ptbr-llm-data\\corpus\\mc4_0077.txt"	["Encoding quebrado"]
0.0	"D:\\ptbr-llm-data\\corpus\\mc4_0078.txt"	["Encoding quebrado"]
0.0	"D:\\ptbr-llm-data\\corpus\\mc4_0079.txt"	["Encoding quebrado"]
0.0	"D:\\ptbr-llm-data\\corpus\\mc4_0080.txt"	["Encoding quebrado"]
0.0	"D:\\ptbr-llm-data\\corpus\\mc4_0081.txt"	["Encoding quebrado"]
0.0	"D:\\ptbr-llm-data\\corpus\\mc4_0082.txt"	["Encoding quebrado"]
0.0	"D:\\ptbr-llm-data\\corpus\\mc4_0083.txt"	["Encoding quebrado"]
0.0	"D:\\ptbr-llm-data\\corpus\\mc4_0084.txt"	["Encoding quebrado"]
0.0	"D:\\ptbr-llm-data\\corpus\\mc4_0085.txt"	["Encoding quebrado"]
0.0	"D:\\ptbr-llm-data\\corpus\\mc4_0086.txt"	["Encoding quebrado"]
0.0	"D:\\ptbr-llm-data\\corpus\\mc4_0087.txt"	["Encoding quebrado"]
0.0	"D:\\ptbr-llm-data\\corpus\\mc4_0088.txt"	["Encoding quebrado"]
0.0	"D:\\ptbr-llm-data\\corpus\\mc4_0089.txt"	["Encoding quebrado"]
0.0	"D:\\ptbr-llm-data\\corpus\\mc4_0090.txt"	["Encoding quebrado"]
0.0	"D:\\ptbr-llm-data\\corpus\\mc4_0091.txt"	["Encoding quebrado"]
0.0	"D:\\ptbr-llm-data\\corpus\\mc4_0092.txt"	["Encoding quebrado"]
0.0	"D:\\ptbr-llm-data\\corpus\\mc4_0093.txt"	["Encoding quebrado"]
0.0	"D:\\ptbr-llm-data\\corpus\\mc4_0094.txt"	["Encoding quebrado"]
0.0	"D:\\ptbr-llm-data\\corpus\\mc4_0095.txt"	["Encoding quebrado"]
0.0	"D:\\ptbr-llm-data\\corpus\\mc4_0096.txt"	["Encoding quebrado"]
0.0	"D:\\ptbr-llm-data\\corpus\\mc4_0097.txt"	["Encoding quebrado"]
0.0	"D:\\ptbr-llm-data\\corpus\\mc4_0098.txt"	["Encoding quebrado"]
0.0	"D:\\ptbr-llm-data\\corpus\\mc4_0099.txt"	["Encoding quebrado"]
0.0	"D:\\ptbr-llm-data\\corpus\\mc4_0100.txt"	["Encoding quebrado"]
0.0	"D:\\ptbr-llm-data\\corpus\\mc4_0101.txt"	["Encoding quebrado"]
0.0	"D:\\ptbr-llm-data\\corpus\\mc4_0102.txt"	["Encoding quebrado"]
0.0	"D:\\ptbr-llm-data\\corpus\\mc4_0103.txt"	["Encoding quebrado"]
0.0	"D:\\ptbr-llm-data\\corpus\\mc4_0104.txt"	["Encoding quebrado"]
0.0	"D:\\ptbr-llm-data\\corpus\\mc4_0105.txt"	["Encoding quebrado"]
0.0	"D:\\ptbr-llm-data\\corpus\\mc4_0106.txt"	["Encoding quebrado"]
0.0	"D:\\ptbr-llm-data\\corpus\\mc4_0107.txt"	["Encoding quebrado"]
0.0	"D:\\ptbr-llm-data\\corpus\\mc4_0108.txt"	["Encoding quebrado"]
0.0	"D:\\ptbr-llm-data\\corpus\\mc4_0109.txt"	["Encoding quebrado"]
0.0	"D:\\ptbr-llm-data\\corpus\\mc4_0110.txt"	["Encoding quebrado"]
0.0	"D:\\ptbr-llm-data\\corpus\\mc4_0111.txt"	["Encoding quebrado"]
0.0	"D:\\ptbr-llm-data\\corpus\\mc4_0112.txt"	["Encoding quebrado"]
0.0	"D:\\ptbr-llm-data\\corpus\\mc4_0113.txt"	["Encoding quebrado"]
0.0	"D:\\ptbr-llm-data\\corpus\\mc4_0114.txt"	["Encoding quebrado"]
0.0	"D:\\ptbr-llm-data\\corpus\\mc4_0115.txt"	["Encoding quebrado"]
0.0	"D:\\ptbr-llm-data\\corpus\\mc4_0116.txt"	["Encoding quebrado"]
0.0	"D:\\ptbr-llm-data\\corpus\\mc4_0117.txt"	["Encoding quebrado"]
0.0	"D:\\ptbr-llm-data\\corpus\\mc4_0118.txt"	["Encoding quebrado"]
0.0	"D:\\ptbr-llm-data\\corpus\\mc4_0119.txt"	["Encoding quebrado"]
0.0	"D:\\ptbr-llm-data\\corpus\\mc4_0120.txt"	["Encoding quebrado"]
0.0	"D:\\ptbr-llm-data\\corpus\\mc4_0121.txt"	["Encoding quebrado"]
0.0	"D:\\ptbr-llm-data\\corpus\\mc4_0122.txt"	["Encoding quebrado"]
0.0	"D:\\ptbr-llm-data\\corpus\\mc4_0123.txt"	["Encoding quebrado"]
0.0	"D:\\ptbr-llm-data\\corpus\\mc4_0124.txt"	["Encoding quebrado"]
0.0	"D:\\ptbr-llm-data\\corpus\\mc4_0125.txt"	["Encoding quebrado"]
0.0	"D:\\ptbr-llm-data\\corpus\\mc4_0126.txt"	["Encoding quebrado"]
0.0	"D:\\ptbr-llm-data\\corpus\\mc4_0127.txt"	["Encoding quebrado"]
0.0	"D:\\ptbr-llm-data\\corpus\\mc4_0128.txt"	["Encoding quebrado"]
0.0	"D:\\ptbr-llm-data\\corpus\\mc4_0129.txt"	["Encoding quebrado"]
0.0	"D:\\ptbr-llm-data\\corpus\\mc4_0130.txt"	["Encoding quebrado"]
0.0	"D:\\ptbr-llm-data\\corpus\\mc4_0131.txt"	["Encoding quebrado"]
0.0	"D:\\ptbr-llm-data\\corpus\\mc4_0132.txt"	["Encoding quebrado"]
0.0	"D:\\ptbr-llm-data\\corpus\\mc4_0133.txt"	["Encoding quebrado"]
0.0	"D:\\ptbr-llm-data\\corpus\\mc4_0134.txt"	["Encoding quebrado"]
0.0	"D:\\ptbr-llm-data\\corpus\\mc4_0135.txt"	["Encoding quebrado"]
0.0	"D:\\ptbr-llm-data\\corpus\\mc4_0136.txt"	["Encoding quebrado"]
0.0	"D:\\ptbr-llm-data\\corpus\\mc4_0137.txt"	["Encoding quebrado"]
0.0	"D:\\ptbr-llm-data\\corpus\\mc4_0138.txt"	["Encoding quebrado"]
0.0	"D:\\ptbr-llm-data\\corpus\\mc4_0139.txt"	["Encoding quebrado"]
0.0	"D:\\ptbr-llm-data\\corpus\\mc4_0140.txt"	["Encoding quebrado"]
0.0	"D:\\ptbr-llm-data\\corpus\\mc4_0141.txt"	["Encoding quebrado"]
0.0	"D:\\ptbr-llm-data\\corpus\\mc4_0142.txt"	["Encoding quebrado"]
0.0	"D:\\ptbr-llm-data\\corpus\\mc4_0143.txt"	["Encoding quebrado"]
0.0	"D:\\ptbr-llm-data\\corpus\\mc4_0144.txt"	["Encoding quebrado"]
0.0	"D:\\ptbr-llm-data\\corpus\\mc4_0145.txt"	["Encoding quebrado"]
0.0	"D:\\ptbr-llm-data\\corpus\\mc4_0146.txt"	["Encoding quebrado"]
0.0	"D:\\ptbr-llm-data\\corpus\\mc4_0147.txt"	["Encoding quebrado"]
0.0	"D:\\ptbr-llm-data\\corpus\\mc4_0148.txt"	["Encoding quebrado"]
0.0	"D:\\ptbr-llm-data\\corpus\\mc4_0149.txt"	["Encoding quebrado"]
0.0	"D:\\ptbr-llm-data\\corpus\\mc4_0150.txt"	["Encoding quebrado"]
0.0	"D:\\ptbr-llm-data\\corpus\\mc4_0151.txt"	["Encoding quebrado"]
0.0	"D:\\ptbr-llm-data\\corpus\\mc4_0152.txt"	["Encoding quebrado"]
0.0	"D:\\ptbr-llm-data\\corpus\\mc4_0153.txt"	["Encoding quebrado"]
0.0	"D:\\ptbr-llm-data\\corpus\\mc4_0154.txt"	["Encoding quebrado"]
0.0	"D:\\ptbr-llm-data\\corpus\\mc4_0155.txt"	["Encoding quebrado"]
0.0	"D:\\ptbr-llm-data\\corpus\\mc4_0156.txt"	["Encoding quebrado"]
0.0	"D:\\ptbr-llm-data\\corpus\\mc4_0157.txt"	["Encoding quebrado"]
0.0	"D:\\ptbr-llm-data\\corpus\\mc4_0158.txt"	["Encoding quebrado"]
0.0	"D:\\ptbr-llm-data\\corpus\\mc4_0159.txt"	["Encoding quebrado"]
0.0	"D:\\ptbr-llm-data\\corpus\\mc4_0160.txt"	["Encoding quebrado"]
0.0	"D:\\ptbr-llm-data\\corpus\\mc4_0161.txt"	["Encoding quebrado"]
0.0	"D:\\ptbr-llm-data\\corpus\\mc4_0162.txt"	["Encoding quebrado"]
0.0	"D:\\ptbr-llm-data\\corpus\\mc4_0163.txt"	["Encoding quebrado"]
0.0	"D:\\ptbr-llm-data\\corpus\\mc4_0164.txt"	["Encoding quebrado"]
0.0	"D:\\ptbr-llm-data\\corpus\\mc4_0165.txt"	["Encoding quebrado"]
0.0	"D:\\ptbr-llm-data\\corpus\\mc4_0166.txt"	["Encoding quebrado"]
0.0	"D:\\ptbr-llm-data\\corpus\\mc4_0167.txt"	["Encoding quebrado"]
0.0	"D:\\ptbr-llm-data\\corpus\\mc4_0168.txt"	["Encoding quebrado"]
0.0	"D:\\ptbr-llm-data\\corpus\\mc4_0169.txt"	["Encoding quebrado"]
0.0	"D:\\ptbr-llm-data\\corpus\\mc4_0170.txt"	["Encoding quebrado"]
0.0	"D:\\ptbr-llm-data\\corpus\\mc4_0171.txt"	["Encoding quebrado"]
0.0	"D:\\ptbr-llm-data\\corpus\\mc4_0172.txt"	["Encoding quebrado"]
0.0	"D:\\ptbr-llm-data\\corpus\\mc4_0173.txt"	["Encoding quebrado"]
0.0	"D:\\ptbr-llm-data\\corpus\\mc4_0174.txt"	["Encoding quebrado"]
0.0	"D:\\ptbr-llm-data\\corpus\\mc4_0175.txt"	["Encoding quebrado"]
0.0	"D:\\ptbr-llm-data\\corpus\\mc4_0176.txt"	["Encoding quebrado"]
0.0	"D:\\ptbr-llm-data\\corpus\\mc4_0177.txt"	["Encoding quebrado"]
0.0	"D:\\ptbr-llm-data\\corpus\\mc4_0178.txt"	["Encoding quebrado"]
0.0	"D:\\ptbr-llm-data\\corpus\\mc4_0179.txt"	["Encoding quebrado"]
0.0	"D:\\ptbr-llm-data\\corpus\\mc4_0180.txt"	["Encoding quebrado"]
0.0	"D:\\ptbr-llm-data\\corpus\\mc4_0181.txt"	["Encoding quebrado"]
0.0	"D:\\ptbr-llm-data\\corpus\\mc4_0182.txt"	["Encoding quebrado"]
0.0	"D:\\ptbr-llm-data\\corpus\\mc4_0183.txt"	["Encoding quebrado"]
0.0	"D:\\ptbr-llm-data\\corpus\\mc4_0184.txt"	["Encoding quebrado"]
0.0	"D:\\ptbr-llm-data\\corpus\\mc4_0185.txt"	["Encoding quebrado"]
0.0	"D:\\ptbr-llm-data\\corpus\\mc4_0186.txt"	["Encoding quebrado"]
0.0	"D:\\ptbr-llm-data\\corpus\\mc4_0187.txt"	["Encoding quebrado"]
0.0	"D:\\ptbr-llm-data\\corpus\\mc4_0188.txt"	["Encoding quebrado"]
0.0	"D:\\ptbr-llm-data\\corpus\\mc4_0189.txt"	["Encoding quebrado"]
0.0	"D:\\ptbr-llm-data\\corpus\\mc4_0190.txt"	["Encoding quebrado"]
0.0	"D:\\ptbr-llm-data\\corpus\\mc4_0191.txt"	["Encoding quebrado"]
0.0	"D:\\ptbr-llm-data\\corpus\\mc4_0192.txt"	["Encoding quebrado"]
0.0	"D:\\ptbr-llm-data\\corpus\\mc4_0193.txt"	["Encoding quebrado"]
0.0	"D:\\ptbr-llm-data\\corpus\\mc4_0194.txt"	["Encoding quebrado"]
0.0	"D:\\ptbr-llm-data\\corpus\\mc4_0195.txt"	["Encoding quebrado"]
0.0	"D:\\ptbr-llm-data\\corpus\\mc4_0196.txt"	["Encoding quebrado"]
0.0	"D:\\ptbr-llm-data\\corpus\\mc4_0197.txt"	["Encoding quebrado"]
0.0	"D:\\ptbr-llm-data\\corpus\\mc4_0198.txt"	["Encoding quebrado"]
0.0	"D:\\ptbr-llm-data\\corpus\\mc4_0199.txt"	["Encoding quebrado"]
50.0	"D:\\ptbr-llm-data\\corpus\\carolina_legislative_branch_LEGas.txt"	["Vocabulário pobre", "Frases fragmentadas"]
50.0	"D:\\ptbr-llm-data\\corpus\\carolina_legislative_branch_LEGdf.txt"	["Vocabulário pobre", "Frases fragmentadas"]
50.0	"D:\\ptbr-llm-data\\corpus\\carolina_legislative_branch_LEGdh.txt"	["Vocabulário pobre", "Frases fragmentadas"]
50.0	"D:\\ptbr-llm-data\\corpus\\carolina_legislative_branch_LEGdi.txt"	["Vocabulário pobre", "Frases fragmentadas"]
50.0	"D:\\ptbr-llm-data\\corpus\\carolina_legislative_branch_LEGdj.txt"	["Vocabulário pobre", "Frases fragmentadas"]
50.0	"D:\\ptbr-llm-data\\corpus\\carolina_legislative_branch_LEGdl.txt"	["Vocabulário pobre", "Frases fragmentadas"]
50.0	"D:\\ptbr-llm-data\\corpus\\carolina_legislative_branch_LEGdm.txt"	["Vocabulário pobre", "Frases fragmentadas"]
50.0	"D:\\ptbr-llm-data\\corpus\\carolina_legislative_branch_LEGdn.txt"	["Vocabulário pobre", "Frases fragmentadas"]
50.0	"D:\\ptbr-llm-data\\corpus\\carolina_legislative_branch_LEGdo.txt"	["Vocabulário pobre", "Frases fragmentadas"]
50.0	"D:\\ptbr-llm-data\\corpus\\carolina_legislative_branch_LEGdp.txt"	["Vocabulário pobre", "Frases fragmentadas"]
50.0	"D:\\ptbr-llm-data\\corpus\\carolina_legislative_branch_LEGdq.txt"	["Vocabulário pobre", "Frases fragmentadas"]
50.0	"D:\\ptbr-llm-data\\corpus\\carolina_legislative_branch_LEGdr.txt"	["Vocabulário pobre", "Frases fragmentadas"]
50.0	"D:\\ptbr-llm-data\\corpus\\carolina_legislative_branch_LEGds.txt"	["Vocabulário pobre", "Frases fragmentadas"]
50.0	"D:\\ptbr-llm-data\\corpus\\carolina_legislative_branch_LEGdt.txt"	["Vocabulário pobre", "Frases fragmentadas"]
50.0	"D:\\ptbr-llm-data\\corpus\\carolina_legislative_branch_LEGdu.txt"	["Vocabulário pobre", "Frases fragmentadas"]
50.0	"D:\\ptbr-llm-data\\corpus\\carolina_legislative_branch_LEGdv.txt"	["Vocabulário pobre", "Frases fragmentadas"]
50.0	"D:\\ptbr-llm-data\\corpus\\carolina_legislative_branch_LEGdw.txt"	["Vocabulário pobre", "Frases fragmentadas"]
50.0	"D:\\ptbr-llm-data\\corpus\\carolina_legislative_branch_LEGdx.txt"	["Vocabulário pobre", "Frases fragmentadas"]
50.0	"D:\\ptbr-llm-data\\corpus\\carolina_legislative_branch_LEGdy.txt"	["Vocabulário pobre", "Frases fragmentadas"]
50.0	"D:\\ptbr-llm-data\\corpus\\carolina_legislative_branch_LEGdz.txt"	["Vocabulário pobre", "Frases fragmentadas"]
50.0	"D:\\ptbr-llm-data\\corpus\\carolina_legislative_branch_LEGea.txt"	["Vocabulário pobre", "Frases fragmentadas"]
50.0	"D:\\ptbr-llm-data\\corpus\\carolina_legislative_branch_LEGeb.txt"	["Vocabulário pobre", "Frases fragmentadas"]
70.0	"D:\\ptbr-llm-data\\corpus\\carolina_judicial_branch_JUDa.txt"	["Vocabulário pobre"]
70.0	"D:\\ptbr-llm-data\\corpus\\carolina_judicial_branch_JUDaa.txt"	["Vocabulário pobre"]
70.0	"D:\\ptbr-llm-data\\corpus\\carolina_judicial_branch_JUDab.txt"	["Vocabulário pobre"]
70.0	"D:\\ptbr-llm-data\\corpus\\carolina_judicial_branch_JUDac.txt"	["Vocabulário pobre"]
70.0	"D:\\ptbr-llm-data\\corpus\\carolina_judicial_branch_JUDad.txt"	["Vocabulário pobre"]
70.0	"D:\\ptbr-llm-data\\corpus\\carolina_judicial_branch_JUDae.txt"	["Vocabulário pobre"]
70.0	"D:\\ptbr-llm-data\\corpus\\carolina_judicial_branch_JUDaf.txt"	["Vocabulário pobre"]
70.0	"D:\\ptbr-llm-data\\corpus\\carolina_judicial_branch_JUDag.txt"	["Vocabulário pobre"]
70.0	"D:\\ptbr-llm-data\\corpus\\carolina_judicial_branch_JUDah.txt"	["Vocabulário pobre"]
70.0	"D:\\ptbr-llm-data\\corpus\\carolina_judicial_branch_JUDai.txt"	["Vocabulário pobre"]
70.0	"D:\\ptbr-llm-data\\corpus\\carolina_judicial_branch_JUDaj.txt"	["Vocabulário pobre"]
70.0	"D:\\ptbr-llm-data\\corpus\\carolina_judicial_branch_JUDak.txt"	["Vocabulário pobre"]
70.0	"D:\\ptbr-llm-data\\corpus\\carolina_judicial_branch_JUDb.txt"	["Vocabulário pobre"]
70.0	"D:\\ptbr-llm-data\\corpus\\carolina_judicial_branch_JUDc.txt"	["Vocabulário pobre"]
70.0	"D:\\ptbr-llm-data\\corpus\\carolina_judicial_branch_JUDd.txt"	["Vocabulário pobre"]
70.0	"D:\\ptbr-llm-data\\corpus\\carolina_judicial_branch_JUDe.txt"	["Vocabulário pobre"]
70.0	"D:\\ptbr-llm-data\\corpus\\carolina_judicial_branch_JUDf.txt"	["Vocabulário pobre"]
70.0	"D:\\ptbr-llm-data\\corpus\\carolina_judicial_branch_JUDg.txt"	["Vocabulário pobre"]
70.0	"D:\\ptbr-llm-data\\corpus\\carolina_judicial_branch_JUDh.txt"	["Vocabulário pobre"]
70.0	"D:\\ptbr-llm-data\\corpus\\carolina_judicial_branch_JUDi.txt"	["Vocabulário pobre"]
70.0	"D:\\ptbr-llm-data\\corpus\\carolina_judicial_branch_JUDj.txt"	["Vocabulário pobre"]
70.0	"D:\\ptbr-llm-data\\corpus\\carolina_judicial_branch_JUDk.txt"	["Vocabulário pobre"]
70.0	"D:\\ptbr-llm-data\\corpus\\carolina_judicial_branch_JUDl.txt"	["Vocabulário pobre"]
70.0	"D:\\ptbr-llm-data\\corpus\\carolina_judicial_branch_JUDm.txt"	["Vocabulário pobre"]
70.0	"D:\\ptbr-llm-data\\corpus\\carolina_judicial_branch_JUDn.txt"	["Vocabulário pobre"]
70.0	"D:\\ptbr-llm-data\\corpus\\carolina_judicial_branch_JUDo.txt"	["Vocabulário pobre"]
70.0	"D:\\ptbr-llm-data\\corpus\\carolina_judicial_branch_JUDp.txt"	["Vocabulário pobre"]
70.0	"D:\\ptbr-llm-data\\corpus\\carolina_judicial_branch_JUDq.txt"	["Vocabulário pobre"]
70.0	"D:\\ptbr-llm-data\\corpus\\carolina_judicial_branch_JUDr.txt"	["Vocabulário pobre"]
70.0	"D:\\ptbr-llm-data\\corpus\\carolina_judicial_branch_JUDs.txt"	["Vocabulário pobre"]
70.0	"D:\\ptbr-llm-data\\corpus\\carolina_judicial_branch_JUDt.txt"	["Vocabulário pobre"]
70.0	"D:\\ptbr-llm-data\\corpus\\carolina_judicial_branch_JUDu.txt"	["Vocabulário pobre"]
70.0	"D:\\ptbr-llm-data\\corpus\\carolina_judicial_branch_JUDv.txt"	["Vocabulário pobre"]
70.0	"D:\\ptbr-llm-data\\corpus\\carolina_judicial_branch_JUDw.txt"	["Vocabulário pobre"]
70.0	"D:\\ptbr-llm-data\\corpus\\carolina_judicial_branch_JUDx.txt"	["Vocabulário pobre"]
70.0	"D:\\ptbr-llm-data\\corpus\\carolina_judicial_branch_JUDy.txt"	["Vocabulário pobre"]
70.0	"D:\\ptbr-llm-data\\corpus\\carolina_judicial_branch_JUDz.txt"	["Vocabulário pobre"]
70.0	"D:\\ptbr-llm-data\\corpus\\carolina_legislative_branch_LEGa.txt"	["Vocabulário pobre"]
70.0	"D:\\ptbr-llm-data\\corpus\\carolina_legislative_branch_LEGaa.txt"	["Vocabulário pobre"]
70.0	"D:\\ptbr-llm-data\\corpus\\carolina_legislative_branch_LEGat.txt"	["Vocabulário pobre"]
70.0	"D:\\ptbr-llm-data\\corpus\\carolina_legislative_branch_LEGdg.txt"	["Vocabulário pobre"]
70.0	"D:\\ptbr-llm-data\\corpus\\carolina_legislative_branch_LEGdk.txt"	["Vocabulário pobre"]
70.0	"D:\\ptbr-llm-data\\corpus\\carolina_legislative_branch_LEGec.txt"	["Vocabulário pobre"]
70.0	"D:\\ptbr-llm-data\\corpus\\carolina_legislative_branch_LEGed.txt"	["Vocabulário pobre"]
70.0	"D:\\ptbr-llm-data\\corpus\\carolina_legislative_branch_LEGee.txt"	["Vocabulário pobre"]
70.0	"D:\\ptbr-llm-data\\corpus\\carolina_legislative_branch_LEGef.txt"	["Vocabulário pobre"]
70.0	"D:\\ptbr-llm-data\\corpus\\carolina_legislative_branch_LEGeg.txt"	["Vocabulário pobre"]
70.0	"D:\\ptbr-llm-data\\corpus\\carolina_legislative_branch_LEGeh.txt"	["Vocabulário pobre"]
70.0	"D:\\ptbr-llm-data\\corpus\\carolina_legislative_branch_LEGei.txt"	["Vocabulário pobre"]
70.0	"D:\\ptbr-llm-data\\corpus\\carolina_legislative_branch_LEGej.txt"	["Vocabulário pobre"]
70.0	"D:\\ptbr-llm-data\\corpus\\carolina_legislative_branch_LEGek.txt"	["Vocabulário pobre"]
70.0	"D:\\ptbr-llm-data\\corpus\\carolina_legislative_branch_LEGel.txt"	["Vocabulário pobre"]
70.0	"D:\\ptbr-llm-data\\corpus\\carolina_legislative_branch_LEGem.txt"	["Vocabulário pobre"]
70.0	"D:\\ptbr-llm-data\\corpus\\carolina_legislative_branch_LEGen.txt"	["Vocabulário pobre"]
70.0	"D:\\ptbr-llm-data\\corpus\\carolina_legislative_branch_LEGeo.txt"	["Vocabulário pobre"]
70.0	"D:\\ptbr-llm-data\\corpus\\carolina_legislative_branch_LEGep.txt"	["Vocabulário pobre"]
70.0	"D:\\ptbr-llm-data\\corpus\\carolina_legislative_branch_LEGeq.txt"	["Vocabulário pobre"]
70.0	"D:\\ptbr-llm-data\\corpus\\carolina_legislative_branch_LEGer.txt"	["Vocabulário pobre"]
70.0	"D:\\ptbr-llm-data\\corpus\\carolina_legislative_branch_LEGes.txt"	["Vocabulário pobre"]
70.0	"D:\\ptbr-llm-data\\corpus\\carolina_legislative_branch_LEGet.txt"	["Vocabulário pobre"]
70.0	"D:\\ptbr-llm-data\\corpus\\carolina_legislative_branch_LEGeu.txt"	["Vocabulário pobre"]
70.0	"D:\\ptbr-llm-data\\corpus\\carolina_legislative_branch_LEGev.txt"	["Vocabulário pobre"]
70.0	"D:\\ptbr-llm-data\\corpus\\carolina_legislative_branch_LEGew.txt"	["Vocabulário pobre"]
70.0	"D:\\ptbr-llm-data\\corpus\\carolina_legislative_branch_LEGex.txt"	["Vocabulário pobre"]
70.0	"D:\\ptbr-llm-data\\corpus\\carolina_legislative_branch_LEGey.txt"	["Vocabulário pobre"]
70.0	"D:\\ptbr-llm-data\\corpus\\carolina_legislative_branch_LEGez.txt"	["Vocabulário pobre"]
70.0	"D:\\ptbr-llm-data\\corpus\\carolina_legislative_branch_LEGf.txt"	["Vocabulário pobre"]
70.0	"D:\\ptbr-llm-data\\corpus\\carolina_legislative_branch_LEGfa.txt"	["Vocabulário pobre"]
70.0	"D:\\ptbr-llm-data\\corpus\\carolina_legislative_branch_LEGfb.txt"	["Vocabulário pobre"]
70.0	"D:\\ptbr-llm-data\\corpus\\carolina_legislative_branch_LEGfc.txt"	["Vocabulário pobre"]
70.0	"D:\\ptbr-llm-data\\corpus\\carolina_legislative_branch_LEGfd.txt"	["Vocabulário pobre"]
70.0	"D:\\ptbr-llm-data\\corpus\\carolina_legislative_branch_LEGfe.txt"	["Vocabulário pobre"]
70.0	"D:\\ptbr-llm-data\\corpus\\carolina_legislative_branch_LEGy.txt"	["Vocabulário pobre"]
70.0	"D:\\ptbr-llm-data\\corpus\\carolina_legislative_branch_LEGz.txt"	["Vocabulário pobre"]
80.0	"D:\\ptbr-llm-data\\corpus\\carolina_legislative_branch_LEGam.txt"	["Frases fragmentadas"]
80.0	"D:\\ptbr-llm-data\\corpus\\carolina_legislative_branch_LEGao.txt"	["Frases fragmentadas"]
80.0	"D:\\ptbr-llm-data\\corpus\\carolina_legislative_branch_LEGap.txt"	["Frases fragmentadas"]
80.0	"D:\\ptbr-llm-data\\corpus\\carolina_legislative_branch_LEGaq.txt"	["Frases fragmentadas"]
80.0	"D:\\ptbr-llm-data\\corpus\\carolina_legislative_branch_LEGh.txt"	["Frases fragmentadas"]
80.0	"D:\\ptbr-llm-data\\corpus\\carolina_legislative_branch_LEGi.txt"	["Frases fragmentadas"]
80.0	"D:\\ptbr-llm-data\\corpus\\carolina_legislative_branch_LEGj.txt"	["Frases fragmentadas"]
80.0	"D:\\ptbr-llm-data\\corpus\\carolina_legislative_branch_LEGk.txt"	["Frases fragmentadas"]
80.0	"D:\\ptbr-llm-data\\corpus\\carolina_legislative_branch_LEGm.txt"	["Frases fragmentadas"]
80.0	"D:\\ptbr-llm-data\\corpus\\carolina_legislative_branch_LEGn.txt"	["Frases fragmentadas"]
80.0	"D:\\ptbr-llm-data\\corpus\\carolina_legislative_branch_LEGo.txt"	["Frases fragmentadas"]
80.0	"D:\\ptbr-llm-data\\corpus\\carolina_legislative_branch_LEGp.txt"	["Frases fragmentadas"]
80.0	"D:\\ptbr-llm-data\\corpus\\carolina_legislative_branch_LEGt.txt"	["Frases fragmentadas"]
100.0	"D:\\ptbr-llm-data\\corpus\\book_wiki_000.txt"	[]
100.0	"D:\\ptbr-llm-data\\corpus\\book_wiki_001.txt"	[]
100.0	"D:\\ptbr-llm-data\\corpus\\carolina_legislative_branch_LEGab.txt"	[]
100.0	"D:\\ptbr-llm-data\\corpus\\carolina_legislative_branch_LEGac.txt"	[]
100.0	"D:\\ptbr-llm-data\\corpus\\carolina_legislative_branch_LEGad.txt"	[]
100.0	"D:\\ptbr-llm-data\\corpus\\carolina_legislative_branch_LEGae.txt"	[]
100.0	"D:\\ptbr-llm-data\\corpus\\carolina_legislative_branch_LEGaf.txt"	[]
100.0	"D:\\ptbr-llm-data\\corpus\\carolina_legislative_branch_LEGag.txt"	[]
100.0	"D:\\ptbr-llm-data\\corpus\\carolina_legislative_branch_LEGah.txt"	[]
100.0	"D:\\ptbr-llm-data\\corpus\\carolina_legislative_branch_LEGai.txt"	[]
100.0	"D:\\ptbr-llm-data\\corpus\\carolina_legislative_branch_LEGaj.txt"	[]
100.0	"D:\\ptbr-llm-data\\corpus\\carolina_legislative_branch_LEGak.txt"	[]
100.0	"D:\\ptbr-llm-data\\corpus\\carolina_legislative_branch_LEGal.txt"	[]
100.0	"D:\\ptbr-llm-data\\corpus\\carolina_legislative_branch_LEGan.txt"	[]
100.0	"D:\\ptbr-llm-data\\corpus\\carolina_legislative_branch_LEGar.txt"	[]
100.0	"D:\\ptbr-llm-data\\corpus\\carolina_legislative_branch_LEGau.txt"	[]
100.0	"D:\\ptbr-llm-data\\corpus\\carolina_legislative_branch_LEGav.txt"	[]
100.0	"D:\\ptbr-llm-data\\corpus\\carolina_legislative_branch_LEGaw.txt"	[]
100.0	"D:\\ptbr-llm-data\\corpus\\carolina_legislative_branch_LEGax.txt"	[]
100.0	"D:\\ptbr-llm-data\\corpus\\carolina_legislative_branch_LEGay.txt"	[]
100.0	"D:\\ptbr-llm-data\\corpus\\carolina_legislative_branch_LEGaz.txt"	[]
100.0	"D:\\ptbr-llm-data\\corpus\\carolina_legislative_branch_LEGb.txt"	[]
100.0	"D:\\ptbr-llm-data\\corpus\\carolina_legislative_branch_LEGba.txt"	[]
100.0	"D:\\ptbr-llm-data\\corpus\\carolina_legislative_branch_LEGbb.txt"	[]
100.0	"D:\\ptbr-llm-data\\corpus\\carolina_legislative_branch_LEGbc.txt"	[]
100.0	"D:\\ptbr-llm-data\\corpus\\carolina_legislative_branch_LEGbd.txt"	[]
100.0	"D:\\ptbr-llm-data\\corpus\\carolina_legislative_branch_LEGbe.txt"	[]
100.0	"D:\\ptbr-llm-data\\corpus\\carolina_legislative_branch_LEGbf.txt"	[]
100.0	"D:\\ptbr-llm-data\\corpus\\carolina_legislative_branch_LEGbg.txt"	[]
100.0	"D:\\ptbr-llm-data\\corpus\\carolina_legislative_branch_LEGbh.txt"	[]
100.0	"D:\\ptbr-llm-data\\corpus\\carolina_legislative_branch_LEGbi.txt"	[]
100.0	"D:\\ptbr-llm-data\\corpus\\carolina_legislative_branch_LEGbj.txt"	[]
100.0	"D:\\ptbr-llm-data\\corpus\\carolina_legislative_branch_LEGbk.txt"	[]
100.0	"D:\\ptbr-llm-data\\corpus\\carolina_legislative_branch_LEGbl.txt"	[]
100.0	"D:\\ptbr-llm-data\\corpus\\carolina_legislative_branch_LEGbm.txt"	[]
100.0	"D:\\ptbr-llm-data\\corpus\\carolina_legislative_branch_LEGbn.txt"	[]
100.0	"D:\\ptbr-llm-data\\corpus\\carolina_legislative_branch_LEGbo.txt"	[]
100.0	"D:\\ptbr-llm-data\\corpus\\carolina_legislative_branch_LEGbp.txt"	[]
100.0	"D:\\ptbr-llm-data\\corpus\\carolina_legislative_branch_LEGbq.txt"	[]
100.0	"D:\\ptbr-llm-data\\corpus\\carolina_legislative_branch_LEGbr.txt"	[]
100.0	"D:\\ptbr-llm-data\\corpus\\carolina_legislative_branch_LEGbs.txt"	[]
100.0	"D:\\ptbr-llm-data\\corpus\\carolina_legislative_branch_LEGbt.txt"	[]
100.0	"D:\\ptbr-llm-data\\corpus\\carolina_legislative_branch_LEGbu.txt"	[]
100.0	"D:\\ptbr-llm-data\\corpus\\carolina_legislative_branch_LEGbv.txt"	[]
100.0	"D:\\ptbr-llm-data\\corpus\\carolina_legislative_branch_LEGbw.txt"	[]
100.0	"D:\\ptbr-llm-data\\corpus\\carolina_legislative_branch_LEGbx.txt"	[]
100.0	"D:\\ptbr-llm-data\\corpus\\carolina_legislative_branch_LEGby.txt"	[]
100.0	"D:\\ptbr-llm-data\\corpus\\carolina_legislative_branch_LEGbz.txt"	[]
100.0	"D:\\ptbr-llm-data\\corpus\\carolina_legislative_branch_LEGc.txt"	[]
100.0	"D:\\ptbr-llm-data\\corpus\\carolina_legislative_branch_LEGca.txt"	[]
100.0	"D:\\ptbr-llm-data\\corpus\\carolina_legislative_branch_LEGcb.txt"	[]
100.0	"D:\\ptbr-llm-data\\corpus\\carolina_legislative_branch_LEGcc.txt"	[]
100.0	"D:\\ptbr-llm-data\\corpus\\carolina_legislative_branch_LEGcd.txt"	[]
100.0	"D:\\ptbr-llm-data\\corpus\\carolina_legislative_branch_LEGce.txt"	[]
100.0	"D:\\ptbr-llm-data\\corpus\\carolina_legislative_branch_LEGcf.txt"	[]
100.0	"D:\\ptbr-llm-data\\corpus\\carolina_legislative_branch_LEGcg.txt"	[]
100.0	"D:\\ptbr-llm-data\\corpus\\carolina_legislative_branch_LEGch.txt"	[]
100.0	"D:\\ptbr-llm-data\\corpus\\carolina_legislative_branch_LEGci.txt"	[]
100.0	"D:\\ptbr-llm-data\\corpus\\carolina_legislative_branch_LEGcj.txt"	[]
100.0	"D:\\ptbr-llm-data\\corpus\\carolina_legislative_branch_LEGck.txt"	[]
100.0	"D:\\ptbr-llm-data\\corpus\\carolina_legislative_branch_LEGcl.txt"	[]
100.0	"D:\\ptbr-llm-data\\corpus\\carolina_legislative_branch_LEGcm.txt"	[]
100.0	"D:\\ptbr-llm-data\\corpus\\carolina_legislative_branch_LEGcn.txt"	[]
100.0	"D:\\ptbr-llm-data\\corpus\\carolina_legislative_branch_LEGco.txt"	[]
100.0	"D:\\ptbr-llm-data\\corpus\\carolina_legislative_branch_LEGcp.txt"	[]
100.0	"D:\\ptbr-llm-data\\corpus\\carolina_legislative_branch_LEGcq.txt"	[]
100.0	"D:\\ptbr-llm-data\\corpus\\carolina_legislative_branch_LEGcr.txt"	[]
100.0	"D:\\ptbr-llm-data\\corpus\\carolina_legislative_branch_LEGcs.txt"	[]
100.0	"D:\\ptbr-llm-data\\corpus\\carolina_legislative_branch_LEGct.txt"	[]
100.0	"D:\\ptbr-llm-data\\corpus\\carolina_legislative_branch_LEGcu.txt"	[]
100.0	"D:\\ptbr-llm-data\\corpus\\carolina_legislative_branch_LEGcv.txt"	[]
100.0	"D:\\ptbr-llm-data\\corpus\\carolina_legislative_branch_LEGcw.txt"	[]
100.0	"D:\\ptbr-llm-data\\corpus\\carolina_legislative_branch_LEGcx.txt"	[]
100.0	"D:\\ptbr-llm-data\\corpus\\carolina_legislative_branch_LEGcy.txt"	[]
100.0	"D:\\ptbr-llm-data\\corpus\\carolina_legislative_branch_LEGcz.txt"	[]
100.0	"D:\\ptbr-llm-data\\corpus\\carolina_legislative_branch_LEGd.txt"	[]
100.0	"D:\\ptbr-llm-data\\corpus\\carolina_legislative_branch_LEGda.txt"	[]
100.0	"D:\\ptbr-llm-data\\corpus\\carolina_legislative_branch_LEGdb.txt"	[]
100.0	"D:\\ptbr-llm-data\\corpus\\carolina_legislative_branch_LEGdc.txt"	[]
100.0	"D:\\ptbr-llm-data\\corpus\\carolina_legislative_branch_LEGdd.txt"	[]
100.0	"D:\\ptbr-llm-data\\corpus\\carolina_legislative_branch_LEGde.txt"	[]
100.0	"D:\\ptbr-llm-data\\corpus\\carolina_legislative_branch_LEGe.txt"	[]
100.0	"D:\\ptbr-llm-data\\corpus\\carolina_legislative_branch_LEGg.txt"	[]
100.0	"D:\\ptbr-llm-data\\corpus\\carolina_legislative_branch_LEGl.txt"	[]
100.0	"D:\\ptbr-llm-data\\corpus\\carolina_legislative_branch_LEGq.txt"	[]
100.0	"D:\\ptbr-llm-data\\corpus\\carolina_legislative_branch_LEGr.txt"	[]
100.0	"D:\\ptbr-llm-data\\corpus\\carolina_legislative_branch_LEGs.txt"	[]
100.0	"D:\\ptbr-llm-data\\corpus\\carolina_legislative_branch_LEGu.txt"	[]
100.0	"D:\\ptbr-llm-data\\corpus\\carolina_legislative_branch_LEGv.txt"	[]
100.0	"D:\\ptbr-llm-data\\corpus\\carolina_legislative_branch_LEGw.txt"	[]
100.0	"D:\\ptbr-llm-data\\corpus\\carolina_legislative_branch_LEGx.txt"	[]
100.0	"D:\\ptbr-llm-data\\corpus\\carolina_public_domain_works_PUBa.txt"	[]
100.0	"D:\\ptbr-llm-data\\corpus\\carolina_social_media_SOCb.txt"	[]
100.0	"D:\\ptbr-llm-data\\corpus\\carolina_university_domains_UNIa.txt"	[]
100.0	"D:\\ptbr-llm-data\\corpus\\carolina_university_domains_UNIb.txt"	[]
100.0	"D:\\ptbr-llm-data\\corpus\\carolina_university_domains_UNIc.txt"	[]
100.0	"D:\\ptbr-llm-data\\corpus\\carolina_university_domains_UNId.txt"	[]
100.0	"D:\\ptbr-llm-data\\corpus\\carolina_university_domains_UNIe.txt"	[]
100.0	"D:\\ptbr-llm-data\\corpus\\carolina_university_domains_UNIf.txt"	[]
100.0	"D:\\ptbr-llm-data\\corpus\\carolina_university_domains_UNIg.txt"	[]
100.0	"D:\\ptbr-llm-data\\corpus\\lei_CDC.txt"	[]
100.0	"D:\\ptbr-llm-data\\corpus\\lei_CLT.txt"	[]
100.0	"D:\\ptbr-llm-data\\corpus\\lei_CODIGO_CIVIL.txt"	[]
100.0	"D:\\ptbr-llm-data\\corpus\\lei_CODIGO_PENAL.txt"	[]
100.0	"D:\\ptbr-llm-data\\corpus\\lei_CONSTITUICAO_FEDERAL.txt"	[]
100.0	"D:\\ptbr-llm-data\\corpus\\lei_CPC.txt"	[]
100.0	"D:\\ptbr-llm-data\\corpus\\lei_CPP.txt"	[]
100.0	"D:\\ptbr-llm-data\\corpus\\lei_CTN.txt"	[]
100.0	"D:\\ptbr-llm-data\\corpus\\lei_LEI_ANTICORRUPCAO.txt"	[]
100.0	"D:\\ptbr-llm-data\\corpus\\lei_LEI_FALENCIAS.txt"	[]
100.0	"D:\\ptbr-llm-data\\corpus\\lei_LEI_INQUILINATO.txt"	[]
100.0	"D:\\ptbr-llm-data\\corpus\\lei_LEI_LICITACOES_1993.txt"	[]
100.0	"D:\\ptbr-llm-data\\corpus\\lei_LGPD.txt"	[]
100.0	"D:\\ptbr-llm-data\\corpus\\lei_MARCO_CIVIL_INTERNET.txt"	[]
100.0	"D:\\ptbr-llm-data\\corpus\\lei_NOVA_LEI_LICITACOES.txt"	[]
100.0	"D:\\ptbr-llm-data\\corpus\\news_wiki_000.txt"	[]
100.0	"D:\\ptbr-llm-data\\corpus\\news_wiki_001.txt"	[]
100.0	"D:\\ptbr-llm-data\\corpus\\news_wiki_002.txt"	[]
100.0	"D:\\ptbr-llm-data\\corpus\\news_wiki_003.txt"	[]
100.0	"D:\\ptbr-llm-data\\corpus\\source_wiki_000.txt"	[]
100.0	"D:\\ptbr-llm-data\\corpus\\source_wiki_001.txt"	[]
100.0	"D:\\ptbr-llm-data\\corpus\\source_wiki_002.txt"	[]
100.0	"D:\\ptbr-llm-data\\corpus\\source_wiki_003.txt"	[]
100.0	"D:\\ptbr-llm-data\\corpus\\source_wiki_004.txt"	[]
100.0	"D:\\ptbr-llm-data\\corpus\\source_wiki_005.txt"	[]
100.0	"D:\\ptbr-llm-data\\corpus\\source_wiki_006.txt"	[]
100.0	"D:\\ptbr-llm-data\\corpus\\source_wiki_007.txt"	[]
100.0	"D:\\ptbr-llm-data\\corpus\\source_wiki_008.txt"	[]
100.0	"D:\\ptbr-llm-data\\corpus\\source_wiki_009.txt"	[]
100.0	"D:\\ptbr-llm-data\\corpus\\source_wiki_010.txt"	[]
100.0	"D:\\ptbr-llm-data\\corpus\\wiki_wiki_000.txt"	[]
100.0	"D:\\ptbr-llm-data\\corpus\\wiki_wiki_001.txt"	[]
100.0	"D:\\ptbr-llm-data\\corpus\\wiki_wiki_002.txt"	[]
100.0	"D:\\ptbr-llm-data\\corpus\\wiki_wiki_003.txt"	[]
100.0	"D:\\ptbr-llm-data\\corpus\\wiki_wiki_004.txt"	[]
100.0	"D:\\ptbr-llm-data\\corpus\\wiki_wiki_005.txt"	[]
100.0	"D:\\ptbr-llm-data\\corpus\\wiki_wiki_006.txt"	[]
100.0	"D:\\ptbr-llm-data\\corpus\\wiki_wiki_007.txt"	[]
100.0	"D:\\ptbr-llm-data\\corpus\\wiki_wiki_008.txt"	[]
100.0	"D:\\ptbr-llm-data\\corpus\\wiki_wiki_009.txt"	[]
100.0	"D:\\ptbr-llm-data\\corpus\\wiki_wiki_010.txt"	[]
100.0	"D:\\ptbr-llm-data\\corpus\\wiki_wiki_011.txt"	[]
100.0	"D:\\ptbr-llm-data\\corpus\\wiki_wiki_012.txt"	[]
100.0	"D:\\ptbr-llm-data\\corpus\\wiki_wiki_013.txt"	[]
100.0	"D:\\ptbr-llm-data\\corpus\\wiki_wiki_014.txt"	[]
100.0	"D:\\ptbr-llm-data\\corpus\\wiki_wiki_015.txt"	[]
100.0	"D:\\ptbr-llm-data\\corpus\\wiki_wiki_016.txt"	[]
100.0	"D:\\ptbr-llm-data\\corpus\\wiki_wiki_017.txt"	[]
100.0	"D:\\ptbr-llm-data\\corpus\\wiki_wiki_018.txt"	[]
100.0	"D:\\ptbr-llm-data\\corpus\\wiki_wiki_019.txt"	[]
100.0	"D:\\ptbr-llm-data\\corpus\\wiki_wiki_020.txt"	[]
100.0	"D:\\ptbr-llm-data\\corpus\\wiki_wiki_021.txt"	[]
100.0	"D:\\ptbr-llm-data\\corpus\\wiki_wiki_022.txt"	[]
100.0	"D:\\ptbr-llm-data\\corpus\\wiki_wiki_023.txt"	[]
100.0	"D:\\ptbr-llm-data\\corpus\\wiki_wiki_024.txt"	[]
100.0	"D:\\ptbr-llm-data\\corpus\\wiki_wiki_025.txt"	[]
100.0	"D:\\ptbr-llm-data\\corpus\\wiki_wiki_026.txt"	[]
100.0	"D:\\ptbr-llm-data\\corpus\\wiki_wiki_027.txt"	[]
100.0	"D:\\ptbr-llm-data\\corpus\\wiki_wiki_028.txt"	[]
100.0	"D:\\ptbr-llm-data\\corpus\\wiki_wiki_029.txt"	[]
100.0	"D:\\ptbr-llm-data\\corpus\\wiki_wiki_030.txt"	[]
100.0	"D:\\ptbr-llm-data\\corpus\\wiki_wiki_031.txt"	[]
100.0	"D:\\ptbr-llm-data\\corpus\\wiki_wiki_032.txt"	[]
100.0	"D:\\ptbr-llm-data\\corpus\\wiki_wiki_033.txt"	[]
100.0	"D:\\ptbr-llm-data\\corpus\\wiki_wiki_034.txt"	[]
100.0	"D:\\ptbr-llm-data\\corpus\\wiki_wiki_035.txt"	[]
100.0	"D:\\ptbr-llm-data\\corpus\\wiki_wiki_036.txt"	[]
100.0	"D:\\ptbr-llm-data\\corpus\\wiki_wiki_037.txt"	[]
100.0	"D:\\ptbr-llm-data\\corpus\\wiki_wiki_038.txt"	[]
100.0	"D:\\ptbr-llm-data\\corpus\\wiki_wiki_039.txt"	[]
100.0	"D:\\ptbr-llm-data\\corpus\\wiki_wiki_040.txt"	[]
100.0	"D:\\ptbr-llm-data\\corpus\\wiki_wiki_041.txt"	[]
100.0	"D:\\ptbr-llm-data\\corpus\\wiki_wiki_042.txt"	[]
100.0	"D:\\ptbr-llm-data\\corpus\\wiki_wiki_043.txt"	[]
100.0	"D:\\ptbr-llm-data\\corpus\\wiki_wiki_044.txt"	[]
100.0	"D:\\ptbr-llm-data\\corpus\\wiki_wiki_045.txt"	[]
100.0	"D:\\ptbr-llm-data\\corpus\\wiki_wiki_046.txt"	[]
100.0	"D:\\ptbr-llm-data\\corpus\\wiki_wiki_047.txt"	[]
100.0	"D:\\ptbr-llm-data\\corpus\\wiki_wiki_048.txt"	[]
100.0	"D:\\ptbr-llm-data\\corpus\\wiki_wiki_049.txt"	[]
100.0	"D:\\ptbr-llm-data\\corpus\\wiki_wiki_050.txt"	[]
100.0	"D:\\ptbr-llm-data\\corpus\\wiki_wiki_051.txt"	[]
100.0	"D:\\ptbr-llm-data\\corpus\\wiki_wiki_052.txt"	[]
100.0	"D:\\ptbr-llm-data\\corpus\\wiki_wiki_053.txt"	[]
100.0	"D:\\ptbr-llm-data\\corpus\\wiki_wiki_054.txt"	[]
100.0	"D:\\ptbr-llm-data\\corpus\\wiki_wiki_055.txt"	[]
100.0	"D:\\ptbr-llm-data\\corpus\\wiki_wiki_056.txt"	[]
100.0	"D:\\ptbr-llm-data\\corpus\\wiki_wiki_057.txt"	[]
100.0	"D:\\ptbr-llm-data\\corpus\\wiki_wiki_058.txt"	[]
100.0	"D:\\ptbr-llm-data\\corpus\\wiki_wiki_059.txt"	[]
100.0	"D:\\ptbr-llm-data\\corpus\\wiki_wiki_060.txt"	[]
100.0	"D:\\ptbr-llm-data\\corpus\\wiki_wiki_061.txt"	[]
100.0	"D:\\ptbr-llm-data\\corpus\\wiki_wiki_062.txt"	[]
100.0	"D:\\ptbr-llm-data\\corpus\\wiki_wiki_063.txt"	[]
100.0	"D:\\ptbr-llm-data\\corpus\\wiki_wiki_064.txt"	[]
100.0	"D:\\ptbr-llm-data\\corpus\\wiki_wiki_065.txt"	[]
100.0	"D:\\ptbr-llm-data\\corpus\\wiki_wiki_066.txt"	[]
100.0	"D:\\ptbr-llm-data\\corpus\\wiki_wiki_067.txt"	[]
100.0	"D:\\ptbr-llm-data\\corpus\\wiki_wiki_068.txt"	[]
100.0	"D:\\ptbr-llm-data\\corpus\\wiki_wiki_069.txt"	[]
100.0	"D:\\ptbr-llm-data\\corpus\\wiki_wiki_070.txt"	[]
100.0	"D:\\ptbr-llm-data\\corpus\\wiki_wiki_071.txt"	[]
100.0	"D:\\ptbr-llm-data\\corpus\\wiki_wiki_072.txt"	[]
100.0	"D:\\ptbr-llm-data\\corpus\\wiki_wiki_073.txt"	[]
100.0	"D:\\ptbr-llm-data\\corpus\\wiki_wiki_074.txt"	[]
100.0	"D:\\ptbr-llm-data\\corpus\\wiki_wiki_075.txt"	[]
100.0	"D:\\ptbr-llm-data\\corpus\\wiki_wiki_076.txt"	[]
100.0	"D:\\ptbr-llm-data\\corpus\\wiki_wiki_077.txt"	[]
100.0	"D:\\ptbr-llm-data\\corpus\\wiki_wiki_078.txt"	[]
100.0	"D:\\ptbr-llm-data\\corpus\\wiki_wiki_079.txt"	[]
100.0	"D:\\ptbr-llm-data\\corpus\\wiki_wiki_080.txt"	[]
100.0	"D:\\ptbr-llm-data\\corpus\\wiki_wiki_081.txt"	[]
100.0	"D:\\ptbr-llm-data\\corpus\\wiki_wiki_082.txt"	[]
100.0	"D:\\ptbr-llm-data\\corpus\\wiki_wiki_083.txt"	[]
100.0	"D:\\ptbr-llm-data\\corpus\\wiki_wiki_084.txt"	[]
100.0	"D:\\ptbr-llm-data\\corpus\\wiki_wiki_085.txt"	[]
100.0	"D:\\ptbr-llm-data\\corpus\\wiki_wiki_086.txt"	[]
100.0	"D:\\ptbr-llm-data\\corpus\\wiki_wiki_087.txt"	[]
100.0	"D:\\ptbr-llm-data\\corpus\\wiki_wiki_088.txt"	[]
100.0	"D:\\ptbr-llm-data\\corpus\\wiki_wiki_089.txt"	[]
100.0	"D:\\ptbr-llm-data\\corpus\\wiki_wiki_090.txt"	[]
100.0	"D:\\ptbr-llm-data\\corpus\\wiki_wiki_091.txt"	[]
100.0	"D:\\ptbr-llm-data\\corpus\\wiki_wiki_092.txt"	[]
100.0	"D:\\ptbr-llm-data\\corpus\\wiki_wiki_093.txt"	[]
100.0	"D:\\ptbr-llm-data\\corpus\\wiki_wiki_094.txt"	[]
100.0	"D:\\ptbr-llm-data\\corpus\\wiki_wiki_095.txt"	[]
100.0	"D:\\ptbr-llm-data\\corpus\\wiki_wiki_096.txt"	[]
100.0	"D:\\ptbr-llm-data\\corpus\\wiki_wiki_097.txt"	[]
100.0	"D:\\ptbr-llm-data\\corpus\\wiki_wiki_098.txt"	[]
100.0	"D:\\ptbr-llm-data\\corpus\\wiki_wiki_099.txt"	[]
100.0	"D:\\ptbr-llm-data\\corpus\\wiki_wiki_100.txt"	[]
100.0	"D:\\ptbr-llm-data\\corpus\\wiki_wiki_101.txt"	[]
100.0	"D:\\ptbr-llm-data\\corpus\\wiki_wiki_102.txt"	[]
100.0	"D:\\ptbr-llm-data\\corpus\\wiki_wiki_103.txt"	[]
100.0	"D:\\ptbr-llm-data\\corpus\\wiki_wiki_104.txt"	[]
100.0	"D:\\ptbr-llm-data\\corpus\\wiki_wiki_105.txt"	[]
100.0	"D:\\ptbr-llm-data\\corpus\\wiki_wiki_106.txt"	[]
100.0	"D:\\ptbr-llm-data\\corpus\\wiki_wiki_107.txt"	[]
100.0	"D:\\ptbr-llm-data\\corpus\\wiki_wiki_108.txt"	[]
100.0	"D:\\ptbr-llm-data\\corpus\\wiki_wiki_109.txt"	[]
100.0	"D:\\ptbr-llm-data\\corpus\\wiki_wiki_110.txt"	[]
100.0	"D:\\ptbr-llm-data\\corpus\\wiki_wiki_111.txt"	[]
100.0	"D:\\ptbr-llm-data\\corpus\\wiki_wiki_112.txt"	[]
100.0	"D:\\ptbr-llm-data\\corpus\\wiki_wiki_113.txt"	[]
100.0	"D:\\ptbr-llm-data\\corpus\\wiki_wiki_114.txt"	[]
100.0	"D:\\ptbr-llm-data\\corpus\\wiki_wiki_115.txt"	[]
100.0	"D:\\ptbr-llm-data\\corpus\\wiki_wiki_116.txt"	[]
100.0	"D:\\ptbr-llm-data\\corpus\\wiki_wiki_117.txt"	[]
100.0	"D:\\ptbr-llm-data\\corpus\\wiki_wiki_118.txt"	[]
100.0	"D:\\ptbr-llm-data\\corpus\\wiki_wiki_119.txt"	[]
100.0	"D:\\ptbr-llm-data\\corpus\\wiki_wiki_120.txt"	[]
100.0	"D:\\ptbr-llm-data\\corpus\\wiki_wiki_121.txt"	[]
100.0	"D:\\ptbr-llm-data\\corpus\\wiki_wiki_122.txt"	[]
100.0	"D:\\ptbr-llm-data\\corpus\\wiki_wiki_123.txt"	[]
100.0	"D:\\ptbr-llm-data\\corpus\\wiki_wiki_124.txt"	[]
100.0	"D:\\ptbr-llm-data\\corpus\\wiki_wiki_125.txt"	[]
100.0	"D:\\ptbr-llm-data\\corpus\\wiki_wiki_126.txt"	[]
100.0	"D:\\ptbr-llm-data\\corpus\\wiki_wiki_127.txt"	[]
100.0	"D:\\ptbr-llm-data\\corpus\\wiki_wiki_128.txt"	[]
100.0	"D:\\ptbr-llm-data\\corpus\\wiki_wiki_129.txt"	[]
100.0	"D:\\ptbr-llm-data\\corpus\\wiki_wiki_130.txt"	[]
100.0	"D:\\ptbr-llm-data\\corpus\\wiki_wiki_131.txt"	[]
